{"cameraMode":{"drawMode":0,"name":"Shaded","section":"Shading Mode"},"sceneLighting":true,"audioPlay":false,"sceneViewState":{"m_AlwaysRefresh":false,"showFog":true,"showSkybox":true,"showFlares":true,"showImageEffects":true,"showParticleSystems":true,"showVisualEffectGraphs":true,"m_FxEnabled":true},"in2DMode":false,"pivot":{"x":12.550518035888672,"y":43.30238723754883,"z":603.067626953125},"rotation":{"x":-0.0224970243871212,"y":0.014995190314948559,"z":0.00034216599306091666,"w":0.9996573328971863},"size":227.28695678710938,"orthographic":false}